Canton,WeekNumber,Restaurant,Bar,Nightclubs,Retail,BarbersSalonSpa,EntertainmentTheaters,Schools,MaskInShop,TravelRestrictions,TourismPotential,1_Week_number,Total_cases,Active_infection,Daily_Infection,Daily_cases_by_Active_Avg,Total_death,Daily_death,Death_by_Active_Avg,Daily_cases_by_Active_Avg_NextWeek
AG,11,5,3,3,2,2,3,3,0,0,726,11,24.5714,29.2857,2.85714,0.110423,0,0,0,0.215828
AG,12,0,0,0,0,0,0,0,0,0,726,12,129.429,146.143,28.5714,0.215828,0.428571,0.142857,0.000915751,0.0599056
AG,13,0,0,0,0,0,0,0,0,0,726,13,323.857,328.143,18.8571,0.0599056,2.28571,0.285714,0.000904901,0.083517
AG,14,0,0,0,0,0,0,0,0,0,726,14,571.286,450,37.4286,0.083517,11.1429,1.28571,0.00292199,0.0800277
AG,15,0,0,0,0,0,0,0,0,0,726,15,817.714,485.143,39,0.0800277,16.5714,0.857143,0.00177486,0.0425625
AG,16,0,0,0,0,0,0,0,0,0,726,16,948.571,357.286,14.8571,0.0425625,22.4286,1,0.00276928,0.0340787
AG,17,0,0,0,0,0,0,0,0,0,726,17,1035.43,203,7,0.0340787,30.2857,0.857143,0.00359674,0.068141
AG,18,0,0,0,1,1,0,0,0,0,726,18,1109.29,152.286,11,0.068141,33.4286,0.428571,0.00262128,0.0360273
AG,19,0,0,0,1,1,0,0,0,0,726,19,1147.43,105.571,3.85714,0.0360273,36.5714,0.428571,0.00371857,0.0533107
AG,20,2,1,0,2,1,1,0,0,0,726,20,1175.29,62.4286,3.57143,0.0533107,42,0.857143,0.012133,0.0475151
AG,21,2,1,0,2,1,1,0,0,0,726,21,1195.57,45.2857,2.42857,0.0475151,44,0.142857,0.0026455,0.0590845
AG,22,2,1,0,2,1,1,0,0,0,726,22,1205,28.5714,1.71429,0.0590845,45.5714,0.285714,0.00925511,0.0468254
AG,23,3,1,2,2,1,2,0,0,0,726,23,1214.86,18.4286,0.857143,0.0468254,46,0,0,0.0928854
AG,24,3,1,2,2,1,2,0,0,0,726,24,1222.86,17.5714,1.57143,0.0928854,46,0,0,0.0679272
AG,25,3,1,2,2,1,2,0,0,1,726,25,1233.43,19.4286,1.28571,0.0679272,46,0,0,0.125262
AG,26,4,2,2,2,1,2,0,0,1,726,26,1253.14,33.8571,3.85714,0.125262,46.8571,0.142857,0.00510204,0.116861
AG,27,4,2,2,2,1,2,0,0,1,726,27,1317.57,92.1429,10,0.116861,47,0,0,0.0567201
AG,28,3,1,1,2,1,2,0,1,1,726,28,1365.43,115,6.42857,0.0567201,47,0,0,0.0929313
AG,29,3,1,1,2,1,2,0,1,1,726,29,1435,117.571,10.7143,0.0929313,47,0,0,0.0732584
AG,30,3,1,1,2,1,2,0,1,1,726,30,1505,141.286,10.2857,0.0732584,47.5714,0.142857,0.000971817,0.0879358
AG,31,3,1,1,2,1,2,0,1,1,726,31,1580.86,148,12.8571,0.0879358,48.7143,0.142857,0.000965251,0.0679935
AG,32,3,1,1,2,1,2,0,1,1,726,32,1661.57,158.143,10.7143,0.0679935,50,0.142857,0.000958773,0.0941116
AG,33,3,1,1,2,1,2,1,1,1,726,33,1765,190.143,17.8571,0.0941116,50,0,0,0.0795718
AG,34,3,1,1,2,1,2,1,1,1,726,34,1892,238,18.8571,0.0795718,50.8571,0.142857,0.000621119,0.0792518
AG,35,3,1,1,2,1,2,1,1,1,726,35,2038.29,277.143,22,0.0792518,52,0.142857,0.000555864,0.0632794
AG,36,3,1,1,2,1,2,1,1,1,726,36,2171.14,279.143,17.7143,0.0632794,52,0,0,0.0756833
AI,11,5,3,3,2,2,3,3,0,0,160,11,0.571429,1.14286,0.285714,0.142857,0,0,0,0.109524
AI,12,0,0,0,0,0,0,0,0,0,160,12,5.42857,5.71429,0.571429,0.109524,0,0,0,0.0945166
AI,13,0,0,0,0,0,0,0,0,0,160,13,10.2857,10.2857,1,0.0945166,0,0,0,0.0866212
AI,14,0,0,0,0,0,0,0,0,0,160,14,17.7143,13,1.14286,0.0866212,0,0,0,0.0338828
AI,15,0,0,0,0,0,0,0,0,0,160,15,23,12,0.428571,0.0338828,0,0,0,0
AI,16,0,0,0,0,0,0,0,0,0,160,16,24,5.28571,0,0,0,0,0,0.142857
AI,17,0,0,0,0,0,0,0,0,0,160,17,24.5714,1.28571,0.142857,0.142857,0,0,0,0
AI,18,0,0,0,1,1,0,0,0,0,160,18,25,1,0,0,0,0,0,0
AI,19,0,0,0,1,1,0,0,0,0,160,19,25,0.285714,0,0,0,0,0,0
AI,20,2,1,0,2,1,1,0,0,0,160,20,25,0,0,0,0,0,0,0
AI,21,2,1,0,2,1,1,0,0,0,160,21,25,0,0,0,0,0,0,0
AI,22,2,1,0,2,1,1,0,0,0,160,22,25,0,0,0,0,0,0,0
AI,23,3,1,2,2,1,2,0,0,0,160,23,25,0,0,0,0,0,0,0
AI,24,3,1,2,2,1,2,0,0,0,160,24,25,0,0,0,0,0,0,0
AI,25,3,1,2,2,1,2,0,0,0,160,25,25,0,0,0,0,0,0,0
AI,26,4,2,2,2,1,2,0,0,0,160,26,25,0,0,0,0,0,0,0
AI,27,4,2,2,2,1,2,0,0,0,160,27,25,0,0,0,0,0,0,0
AI,28,4,2,2,2,1,2,0,1,0,160,28,25,0,0,0,0,0,0,0
AI,29,4,2,2,2,1,2,0,1,0,160,29,25,0,0,0,0,0,0,0
AI,30,4,2,2,2,1,2,0,1,0,160,30,25,0,0,0,0,0,0,0
AI,31,4,2,2,2,1,2,0,1,0,160,31,25,0,0,0,0,0,0,0
AI,32,4,2,2,2,1,2,0,1,0,160,32,25,0,0,0,0,0,0,0
AI,33,4,2,2,2,1,2,0,1,0,160,33,25,0,0,0,0,0,0,0
AI,34,4,2,2,2,1,2,2,1,0,160,34,25,0,0,0,0,0,0,0
AI,35,4,2,2,2,1,2,2,1,0,160,35,25,0,0,0,0,0,0,0
AI,36,4,2,2,2,1,2,2,1,0,160,36,25,0,0,0,0,0,0,0.142857
AR,11,5,3,3,2,2,3,3,0,0,122,11,3.71429,4.14286,0.571429,0.157143,0,0,0,0.0857143
AR,12,0,0,0,0,0,0,0,0,0,122,12,9.28571,12,0.857143,0.0857143,0.285714,0.142857,0.0142857,0.154104
AR,13,0,0,0,0,0,0,0,0,0,122,13,39.4286,38.1429,5.28571,0.154104,1.85714,0.142857,0.00446429,0.0530822
AR,14,0,0,0,0,0,0,0,0,0,122,14,61.5714,51.4286,2.71429,0.0530822,2.71429,0.142857,0.00269541,0.0433802
AR,15,0,0,0,0,0,0,0,0,0,122,15,73.5714,32.5714,1.42857,0.0433802,3,0,0,0.0415249
AR,16,0,0,0,0,0,0,0,0,0,122,16,80.1429,17,0.714286,0.0415249,3,0,0,0.0568045
AR,17,0,0,0,0,0,0,0,0,0,122,17,87.2857,13.5714,0.857143,0.0568045,3,0,0,0.090538
AR,18,0,0,0,1,1,0,0,0,0,122,18,95.1429,14.2857,1.28571,0.090538,3,0,0,0
AR,19,0,0,0,1,1,0,0,0,0,122,19,97,8.71429,0,0,3,0,0,0.0833333
AR,20,2,1,0,2,1,1,0,0,0,122,20,98.4286,3,0.285714,0.0833333,3,0,0,0
AR,21,2,1,0,2,1,1,0,0,0,122,21,99,1.85714,0,0,3,0,0,0.142857
AR,22,2,1,0,2,1,1,0,0,0,122,22,99.4286,1,0.142857,0.142857,3,0,0,0
AR,23,3,1,2,2,1,2,0,0,0,122,23,100,1,0,0,3,0,0,0
AR,24,3,1,2,2,1,2,0,0,0,122,24,100,0.428571,0,0,3,0,0,0
AR,25,3,1,2,2,1,2,0,0,0,122,25,100,0,0,0,3,0,0,0.142857
AR,26,4,2,2,2,1,2,0,0,0,122,26,100.571,0.857143,0.142857,0.142857,3,0,0,0.142857
AR,27,4,2,2,2,1,2,0,0,0,122,27,103.286,3.57143,0.428571,0.142857,3,0,0,0.0357143
AR,28,4,2,2,2,1,2,0,1,0,122,28,104.571,4,0.142857,0.0357143,3,0,0,0.0833333
AR,29,4,2,2,2,1,2,0,1,0,122,29,106.429,3,0.285714,0.0833333,3,0,0,0.047619
AR,30,4,2,2,2,1,2,0,1,0,122,30,107.429,2.71429,0.142857,0.047619,3,0,0,0.0714286
AR,31,4,2,2,2,1,2,0,1,0,122,31,108.429,2.14286,0.142857,0.0714286,3,0,0,0.047619
AR,32,4,2,2,2,1,2,0,1,0,122,32,110,2.85714,0.142857,0.047619,3,0,0,0.165079
AR,33,4,2,2,2,1,2,0,1,0,122,33,115.714,8.14286,1.14286,0.165079,3,0,0,0.0906162
AR,34,4,2,2,2,1,2,2,1,0,122,34,124.857,15.7143,1.28571,0.0906162,3,0,0,0.0456183
AR,35,4,2,2,2,1,2,2,1,0,122,35,131,14.5714,0.714286,0.0456183,3,0,0,0.0487013
AR,36,4,2,2,2,1,2,2,1,0,122,36,134.143,8.85714,0.428571,0.0487013,3,0,0,0.063492
BE,11,5,3,3,2,2,3,3,0,0,5550,11,34,45.5714,2.42857,0.0714286,0,0,0,0.226842
BE,12,0,0,0,0,0,0,0,0,0,5550,12,276.286,311.429,54.8571,0.226842,1.71429,0.428571,0.00191299,0.0852085
BE,13,0,0,0,0,0,0,0,0,0,5550,13,652.714,656.857,54.2857,0.0852085,7.28571,1,0.0016098,0.0686289
BE,14,0,0,0,0,0,0,0,0,0,5550,14,987.143,710.857,48.4286,0.0686289,22,2.57143,0.00361186,0.0657161
BE,15,0,0,0,0,0,0,0,0,0,5550,15,1322.43,659.286,43.4286,0.0657161,39.1429,3,0.00456591,0.0457121
BE,16,0,0,0,0,0,0,0,0,0,5550,16,1524,509.714,22.5714,0.0457121,58.7143,2.85714,0.00590117,0.0521361
BE,17,0,0,0,0,0,0,0,0,0,5550,17,1666.29,319,16.4286,0.0521361,79.1429,2,0.00595286,0.051683
BE,18,0,0,0,1,1,0,0,0,0,5550,18,1755.71,219.857,11,0.051683,85.7143,1,0.00505149,0.0460731
BE,19,0,0,0,1,1,0,0,0,0,5550,19,1811.71,135.429,5.85714,0.0460731,90.5714,0.285714,0.00242131,0.0478742
BE,20,2,1,0,2,1,1,0,0,0,5550,20,1848.14,85.8571,4,0.0478742,94.4286,0.571429,0.0065152,0.0552513
BE,21,2,1,0,2,1,1,0,0,0,5550,21,1871,56.2857,3,0.0552513,96,0,0,0.0863121
BE,22,2,1,0,2,1,1,0,0,0,5550,22,1889.86,41.8571,4.14286,0.0863121,96.2857,0.142857,0.00285714,0.0280168
BE,23,3,1,2,2,1,2,0,0,0,5550,23,1914.14,41.7143,1.14286,0.0280168,97,0,0,0.0441803
BE,24,3,1,2,2,1,2,0,0,0,5550,24,1923,30.2857,1.28571,0.0441803,97,0,0,0
BE,25,3,1,2,2,1,2,0,0,0,5550,25,1927,11.7143,0,0,97,0,0,0.142857
BE,26,4,2,2,2,1,2,0,0,0,5550,26,1928,4.85714,0.571429,0.142857,97,0,0,0.200111
BE,27,4,2,2,2,1,2,0,0,0,5550,27,1945.29,22.1429,4,0.200111,97,0,0,0.090744
BE,28,4,2,2,2,1,2,0,1,0,5550,28,1972.86,48,4.57143,0.090744,97,0,0,0.0948263
BE,29,4,2,2,2,1,2,0,1,0,5550,29,2014.86,73.2857,7.14286,0.0948263,97,0,0,0.0514319
BE,30,4,2,2,2,1,2,0,1,0,5550,30,2056,84.1429,4.42857,0.0514319,97,0,0,0.105508
BE,31,4,2,2,2,1,2,0,1,0,5550,31,2106.43,93.4286,10.1429,0.105508,97,0,0,0.068108
BE,32,4,2,2,2,1,2,0,1,0,5550,32,2176,123.143,8.57143,0.068108,97.2857,0.142857,0.00109051,0.0937863
BE,33,4,2,2,2,1,2,0,1,0,5550,33,2257.71,157.286,15.1429,0.0937863,98,0,0,0.0683314
BE,34,4,2,2,2,1,2,1,1,0,5550,34,2354.57,183.571,12.5714,0.0683314,98.1429,0.142857,0.000707214,0.0895211
BE,35,4,2,2,2,1,2,1,1,0,5550,35,2465.14,210.143,18.8571,0.0895211,99,0,0,0.0807862
BE,36,4,2,2,2,1,2,1,1,0,5550,36,2595.14,247.857,20.5714,0.0807862,99,0,0,0.083847
BL,11,5,3,3,2,2,3,3,0,0,285,11,33.8571,40.8571,5,0.117504,1.71429,0.142857,0.0054945,0.179146
BL,12,0,0,0,0,0,0,0,0,0,285,12,167.143,189.429,33.5714,0.179146,2.42857,0.142857,0.000535046,0.0761159
BL,13,0,0,0,0,0,0,0,0,0,285,13,407.143,399.143,31.7143,0.0761159,4.71429,0.428571,0.00112281,0.0529793
BL,14,0,0,0,0,0,0,0,0,0,285,14,607,428,22.7143,0.0529793,13.1429,1.85714,0.00447342,0.0373359
BL,15,0,0,0,0,0,0,0,0,0,285,15,710.714,279.286,10,0.0373359,21,0.571429,0.0022794,0.0563741
BL,16,0,0,0,0,0,0,0,0,0,285,16,778.286,159,9,0.0563741,24.8571,0.285714,0.00153003,0.0193321
BL,17,0,0,0,0,0,0,0,0,0,285,17,811.714,92.8571,1.85714,0.0193321,27.5714,0.714286,0.00836386,0.0497014
BL,18,0,0,0,1,1,0,0,0,0,285,18,823,38.2857,1.71429,0.0497014,30.8571,0.285714,0.00952381,0.056225
BL,19,0,0,0,1,1,0,0,0,0,285,19,832.143,20.1429,1.14286,0.056225,33.1429,0.285714,0.0140123,0.0238095
BL,20,2,1,0,2,1,1,0,0,0,285,20,837.143,12.7143,0.285714,0.0238095,34.1429,0.142857,0.0142857,0
BL,21,2,1,0,2,1,1,0,0,0,285,21,838,4.71429,0,0,35,0,0,0.159524
BL,22,2,1,0,2,1,1,0,0,0,285,22,839.571,2.85714,0.571429,0.159524,35,0,0,0.0727891
BL,23,3,1,2,2,1,2,0,0,0,285,23,844.143,6.42857,0.428571,0.0727891,35,0,0,0.0238096
BL,24,3,1,2,2,1,2,0,0,0,285,24,845.714,5.57143,0.142857,0.0238096,35,0,0,0.119048
BL,25,3,1,2,2,1,2,0,0,1,285,25,847.286,3.28571,0.428571,0.119048,35,0,0,0.139835
BL,26,4,2,2,2,1,2,0,0,1,285,26,852.714,8.28571,1.28571,0.139835,35,0,0,0.0858276
BL,27,4,2,2,2,1,2,0,0,1,285,27,863.143,17.1429,1.57143,0.0858276,35,0,0,0.099556
BL,28,3,1,1,2,1,2,0,1,2,285,28,879.714,28.5714,2.85714,0.099556,35,0,0,0.0481588
BL,29,3,1,1,2,1,2,0,1,2,285,29,898,34.4286,1.71429,0.0481588,35,0,0,0.0682972
BL,30,3,1,1,2,1,2,0,1,2,285,30,907.857,27,1.85714,0.0682972,35,0,0,0.079105
BL,31,3,1,1,2,1,2,0,1,2,285,31,920.714,23.5714,1.85714,0.079105,35,0,0,0.0747628
BL,32,3,1,1,2,1,2,0,1,2,285,32,940.571,33.1429,2.57143,0.0747628,35,0,0,0.0982918
BL,33,3,1,1,2,1,2,0,1,2,285,33,961,42.8571,4.28571,0.0982918,35,0,0,0.0848685
BL,34,3,1,1,2,1,2,0,1,2,285,34,992.429,54,4.71429,0.0848685,35,0,0,0.0692559
BL,35,3,1,1,2,1,2,1,1,2,285,35,1024.71,63.4286,4.42857,0.0692559,35,0,0,0.0648449
BL,36,3,1,1,2,1,2,1,1,2,285,36,1054.86,61.8571,4,0.0648449,35,0,0,0.0764563
BS,11,5,3,3,2,2,3,3,0,0,1386,11,67.8571,83.5714,10.8571,0.140277,0.571429,0.142857,0.00156986,0.15017
BS,12,0,0,0,0,0,0,0,0,0,1386,12,233,251.429,36.5714,0.15017,4.28571,0.571429,0.00309222,0.0800656
BS,13,0,0,0,0,0,0,0,0,0,1386,13,493,443.429,35.5714,0.0800656,10.1429,1.42857,0.00321334,0.0553305
BS,14,0,0,0,0,0,0,0,0,0,1386,14,711.571,471.429,26.2857,0.0553305,19.8571,1.57143,0.00342738,0.0397085
BS,15,0,0,0,0,0,0,0,0,0,1386,15,838.286,323.429,12.5714,0.0397085,31,1,0.00292085,0.0396215
BS,16,0,0,0,0,0,0,0,0,0,1386,16,909.571,177.857,7.14286,0.0396215,36.8571,1,0.00601243,0.0256194
BS,17,0,0,0,0,0,0,0,0,0,1386,17,932.714,83.4286,1.85714,0.0256194,44.8571,0.857143,0.00870954,0.0658641
BS,18,0,0,0,1,1,0,0,0,0,1386,18,949.143,36.2857,2.28571,0.0658641,49.1429,0.571429,0.0144058,0.0552633
BS,19,0,0,0,1,1,0,0,0,0,1386,19,963.571,30.7143,1.71429,0.0552633,50,0,0,0.0411167
BS,20,2,1,0,2,1,1,0,0,0,1386,20,971.571,20.5714,0.857143,0.0411167,50,0,0,0.0231911
BS,21,2,1,0,2,1,1,0,0,0,1386,21,975.571,10.5714,0.285714,0.0231911,50,0,0,0.0714286
BS,22,2,1,0,2,1,1,0,0,0,1386,22,976.857,5,0.285714,0.0714286,50,0,0,0.119048
BS,23,3,1,2,2,1,2,0,0,0,1386,23,980,4.71429,0.571429,0.119048,50,0,0,0.0204081
BS,24,3,1,2,2,1,2,0,0,0,1386,24,982.857,5.85714,0.142857,0.0204081,50,0,0,0.0761904
BS,25,3,1,2,2,1,2,0,0,1,1386,25,984.143,3.85714,0.285714,0.0761904,50,0,0,0
BS,26,4,2,2,2,1,2,0,0,1,1386,26,985,2,0,0,50,0,0,0.17619
BS,27,4,2,2,2,1,2,0,0,1,1386,27,986.857,3.14286,0.714286,0.17619,50,0,0,0.15047
BS,28,3,1,1,2,1,2,0,1,2,1386,28,999.429,17.1429,2.57143,0.15047,50,0,0,0.0737576
BS,29,3,1,1,2,1,2,0,1,2,1386,29,1018.29,33.1429,2.42857,0.0737576,50,0,0,0.0471887
BS,30,3,1,1,2,1,2,0,1,2,1386,30,1032.57,32.1429,1.57143,0.0471887,50.7143,0.285714,0.00968801,0.127359
BS,31,3,1,1,2,1,2,0,1,2,1386,31,1051.14,34.8571,4.57143,0.127359,52,0,0,0.0511744
BS,32,3,1,1,2,1,2,0,1,2,1386,32,1078.86,47.1429,2.42857,0.0511744,52,0,0,0.120526
BS,33,3,1,1,2,1,2,0,1,2,1386,33,1111,63.5714,7.85714,0.120526,52.8571,0.142857,0.0025974,0.0696153
BS,34,3,1,1,2,1,2,0,1,2,1386,34,1164.14,88.5714,6.14286,0.0696153,53,0,0,0.0538655
BS,35,3,1,1,2,1,2,1,2,2,1386,35,1197.71,82.8571,4.28571,0.0538655,53.2857,0.142857,0.00195694,0.0639821
BS,36,3,1,1,2,1,2,1,2,2,1386,36,1228.57,63.1429,4,0.0639821,54,0,0,0.0697057
FR,11,5,3,3,2,2,3,3,0,0,444,11,23.5714,28,4.57143,0.167693,0,0,0,0.168975
FR,12,0,0,0,0,0,0,0,0,0,444,12,116.429,136.143,23.1429,0.168975,1,0.428571,0.00242858,0.102332
FR,13,0,0,0,0,0,0,0,0,0,444,13,330.714,338.143,34.2857,0.102332,10,1.71429,0.00516835,0.0716416
FR,14,0,0,0,0,0,0,0,0,0,444,14,562.571,450.571,32.4286,0.0716416,27.7143,3.57143,0.00785889,0.0578764
FR,15,0,0,0,0,0,0,0,0,0,444,15,776.571,434.286,25.2857,0.0578764,47.4286,2,0.00468718,0.0578211
FR,16,0,0,0,0,0,0,0,0,0,444,16,914.429,340.143,19.1429,0.0578211,63.8571,2.42857,0.0071569,0.0346305
FR,17,0,0,0,0,0,0,0,0,0,444,17,1012.43,218.857,7.57143,0.0346305,75.2857,0.857143,0.00372231,0.0652426
FR,18,0,0,0,1,1,0,0,0,0,444,18,1068.29,144.143,9.14286,0.0652426,78.2857,0.285714,0.0020868,0.0428057
FR,19,0,0,0,1,1,0,0,0,0,444,19,1113.14,97.2857,4.14286,0.0428057,80.7143,0.571429,0.00610847,0.0413234
FR,20,2,1,0,2,1,1,0,0,0,444,20,1141.29,66.7143,3,0.0413234,83.7143,0.142857,0.00195694,0.0344482
FR,21,2,1,0,2,1,1,0,0,0,444,21,1151.29,35.5714,1.14286,0.0344482,84,0,0,0.0386534
FR,22,2,1,0,2,1,1,0,0,0,444,22,1157.71,14.2857,0.571429,0.0386534,84,0,0,0.102551
FR,23,3,1,2,2,1,2,0,0,0,444,23,1163.71,13,1.28571,0.102551,84,0,0,0.100411
FR,24,3,1,2,2,1,2,0,0,0,444,24,1175.43,18.5714,1.85714,0.100411,84,0,0,0.0646613
FR,25,3,1,2,2,1,2,0,0,0,444,25,1185.57,21.4286,1.42857,0.0646613,84,0,0,0.121284
FR,26,4,2,2,2,1,2,0,0,0,444,26,1205.86,33.2857,4.14286,0.121284,84.8571,0.142857,0.00492611,0.078844
FR,27,4,2,2,2,1,2,0,0,0,444,27,1235.57,53.2857,4.42857,0.078844,85,0,0,0.0536256
FR,28,4,2,2,2,1,2,0,1,0,444,28,1260.71,53.7143,2.85714,0.0536256,85,0,0,0.0799223
FR,29,4,2,2,2,1,2,0,1,0,444,29,1283,47,3.71429,0.0799223,85,0,0,0.0644028
FR,30,4,2,2,2,1,2,0,1,0,444,30,1312.29,51,3.28571,0.0644028,85,0,0,0.0902111
FR,31,4,2,2,2,1,2,0,1,0,444,31,1340.14,58.4286,5.42857,0.0902111,85,0,0,0.0599734
FR,32,4,2,2,2,1,2,0,1,0,444,32,1371.43,60.8571,3.71429,0.0599734,85,0,0,0.0893998
FR,33,4,2,2,2,1,2,0,1,0,444,33,1405.57,65.4286,5.85714,0.0893998,85,0,0,0.136695
FR,34,4,2,2,2,1,2,0,1,0,444,34,1475.71,119.143,17.8571,0.136695,85,0,0,0.081857
FR,35,4,2,2,2,1,2,2,2,0,444,35,1615.43,222.143,18.4286,0.081857,85,0,0,0.0893897
FR,36,4,2,2,2,1,2,2,2,0,444,36,1768.14,303.714,27.8571,0.0893897,85.2857,0.285714,0.000847817,0.0820614
GE,11,5,3,3,2,2,3,3,0,0,3233,11,201.143,266,55,0.203192,1.71429,0.571429,0.00245396,0.13645
GE,12,0,0,0,0,0,0,0,0,0,3233,12,1019.86,1137.14,145,0.13645,7.14286,0.857143,0.00074501,0.0799767
GE,13,0,0,0,0,0,0,0,0,0,3233,13,2056.29,1948.29,155,0.0799767,28.4286,5.42857,0.00273531,0.0806066
GE,14,0,0,0,0,0,0,0,0,0,3233,14,3377.71,2386.29,192,0.0806066,85.5714,9.28571,0.00389833,0.0406585
GE,15,0,0,0,0,0,0,0,0,0,3233,15,4328.14,2191.29,92.7143,0.0406585,158,10.5714,0.00480795,0.040419
GE,16,0,0,0,0,0,0,0,0,0,3233,16,4745.29,1237.14,50.1429,0.040419,209.143,5.42857,0.00454334,0.0420566
GE,17,0,0,0,0,0,0,0,0,0,3233,17,4998.57,612.429,26.4286,0.0420566,245.143,4.57143,0.0074603,0.0394554
GE,18,0,0,0,1,1,0,0,0,0,3233,18,5124.14,343,13.8571,0.0394554,265.429,2.14286,0.00655643,0.0385478
GE,19,0,0,0,1,1,0,0,0,0,3233,19,5184,167,6.42857,0.0385478,279.286,1.85714,0.0116622,0.050992
GE,20,2,1,0,2,1,1,0,0,0,3233,20,5224.29,92.4286,4.85714,0.050992,286.857,0.571429,0.00664905,0.0441726
GE,21,2,1,0,2,1,1,0,0,0,3233,21,5247,59.2857,2.71429,0.0441726,291.714,0.571429,0.00915796,0.0666478
GE,22,2,1,0,2,1,1,0,0,0,3233,22,5263,37,2.42857,0.0666478,294,0.142857,0.00348431,0.0531571
GE,23,3,1,2,2,1,2,0,0,0,3233,23,5277.86,29.8571,1.57143,0.0531571,294,0,0,0.0496629
GE,24,3,1,2,2,1,2,0,0,0,3233,24,5286.14,21.7143,1,0.0496629,294.714,0.142857,0.00621119,0.0915532
GE,25,3,1,2,2,1,2,0,0,1,3233,25,5294.57,16.5714,1.57143,0.0915532,295,0,0,0.0805302
GE,26,4,2,2,2,1,2,0,0,1,3233,26,5308.43,23.7143,1.85714,0.0805302,295,0,0,0.0961888
GE,27,4,2,2,2,1,2,0,0,1,3233,27,5328,35.2857,3.28571,0.0961888,295,0,0,0.101253
GE,28,4,2,2,2,1,2,0,1,2,3233,28,5357.71,51.8571,5.14286,0.101253,295,0,0,0.116911
GE,29,4,2,2,2,1,2,0,1,2,3233,29,5418.86,100.571,11.4286,0.116911,295,0,0,0.129934
GE,30,4,2,2,2,1,2,0,1,2,3233,30,5571.29,245.143,30.4286,0.129934,295,0,0,0.0956519
GE,31,4,2,0,2,1,2,0,2,2,3233,31,5863.29,471,43.2857,0.0956519,295.429,0.142857,0.000286861,0.0640047
GE,32,4,2,0,2,1,2,0,2,2,3233,32,6104,530,33.8571,0.0640047,296,0,0,0.0703694
GE,33,4,2,0,2,1,2,0,2,2,3233,33,6359.71,492.286,34.7143,0.0703694,296.286,0.142857,0.000297619,0.0665132
GE,34,4,2,0,2,1,2,0,2,2,3233,34,6590.71,482.857,32.2857,0.0665132,297,0,0,0.0820432
GE,35,4,2,0,2,1,2,1,2,2,3233,35,6820.71,465.714,38.2857,0.0820432,297,0,0,0.0767862
GE,36,4,2,0,2,1,2,1,2,2,3233,36,7122.57,543.286,41.4286,0.0767862,299,0.428571,0.000802213,0.0714138
GL,11,5,3,3,2,2,3,3,0,0,135,11,4.14286,5.57143,1.42857,0.30119,0,0,0,0.118472
GL,12,0,0,0,0,0,0,0,0,0,135,12,18,21,2.71429,0.118472,0,0,0,0.0768125
GL,13,0,0,0,0,0,0,0,0,0,135,13,41.5714,38.8571,3,0.0768125,0.285714,0.142857,0.00357143,0.0491173
GL,14,0,0,0,0,0,0,0,0,0,135,14,57.2857,38,1.85714,0.0491173,2,0.142857,0.00348431,0.102216
GL,15,0,0,0,0,0,0,0,0,0,135,15,73.5714,33.2857,4,0.102216,2,0,0,0.0582064
GL,16,0,0,0,0,0,0,0,0,0,135,16,105.429,49.5714,2.85714,0.0582064,2.57143,0.142857,0.00291546,0.0314297
GL,17,0,0,0,0,0,0,0,0,0,135,17,117.143,40.4286,1.28571,0.0314297,6.28571,0.571429,0.013116,0.0178571
GL,18,0,0,0,1,1,0,0,0,0,135,18,121.714,13.2857,0.285714,0.0178571,9.57143,0.571429,0.040523,0.077381
GL,19,0,0,0,1,1,0,0,0,0,135,19,124.429,7,0.571429,0.077381,12,0.142857,0.0204081,0.0476191
GL,20,2,1,0,2,1,1,0,0,0,135,20,127.571,5.85714,0.285714,0.0476191,12,0,0,0
GL,21,2,1,0,2,1,1,0,0,0,135,21,128,2.85714,0,0,12,0,0,0
GL,22,2,1,0,2,1,1,0,0,0,135,22,128,0.285714,0,0,12,0,0,0
GL,23,3,1,2,2,1,2,0,0,0,135,23,128,0,0,0,12,0,0,0
GL,24,3,1,2,2,1,2,0,0,0,135,24,128,0,0,0,12,0,0,0
GL,25,3,1,2,2,1,2,0,0,0,135,25,128,0,0,0,12.7143,0.142857,0,0.142857
GL,26,4,2,2,2,1,2,0,0,0,135,26,128.714,0.857143,0.142857,0.142857,13,0,0,0
GL,27,4,2,2,2,1,2,0,0,0,135,27,129,1,0,0,13,0,0,0.214286
GL,28,4,2,2,2,1,2,0,1,0,135,28,130.429,1.85714,0.285714,0.214286,13,0,0,0.108843
GL,29,4,2,2,2,1,2,0,1,0,135,29,134,5.71429,0.714286,0.108843,13,0,0,0.0382653
GL,30,4,2,2,2,1,2,0,1,0,135,30,137.571,7.14286,0.285714,0.0382653,13,0,0,0.0857143
GL,31,4,2,2,2,1,2,0,1,0,135,31,139.429,5.14286,0.428571,0.0857143,13,0,0,0.085034
GL,32,4,2,2,2,1,2,0,1,0,135,32,143.857,6.71429,0.571429,0.085034,13,0,0,0.070707
GL,33,4,2,2,2,1,2,0,1,0,135,33,148.857,9.71429,0.714286,0.070707,13,0,0,0.0902598
GL,34,4,2,2,2,1,2,2,1,0,135,34,155,11.8571,1,0.0902598,13,0,0,0.0600733
GL,35,4,2,2,2,1,2,2,1,0,135,35,162.429,13.2857,0.857143,0.0600733,13,0,0,0.0347986
GL,36,4,2,2,2,1,2,2,1,0,135,36,165.714,9.57143,0.428571,0.0347986,13,0,0,0.0642857
GR,11,5,3,3,2,2,3,3,0,0,5132,11,42,47,7.57143,0.151274,0,0,0,0.157255
GR,12,0,0,0,0,0,0,0,0,0,5132,12,180.429,196.429,30.4286,0.157255,2.28571,0.571429,0.0033629,0.0836186
GR,13,0,0,0,0,0,0,0,0,0,5132,13,422.429,404.571,33.5714,0.0836186,9,1.57143,0.00380459,0.0503511
GR,14,0,0,0,0,0,0,0,0,0,5132,14,610,419.286,21.2857,0.0503511,27,2.57143,0.0060091,0.0428015
GR,15,0,0,0,0,0,0,0,0,0,5132,15,714.286,268.429,11.2857,0.0428015,35.4286,0.428571,0.00144536,0.0346099
GR,16,0,0,0,0,0,0,0,0,0,5132,16,763.857,138.286,4.42857,0.0346099,38.8571,0.714286,0.00545939,0.0467524
GR,17,0,0,0,0,0,0,0,0,0,5132,17,794,72.7143,3.42857,0.0467524,43.2857,0.428571,0.00542933,0.0414151
GR,18,0,0,0,1,1,0,0,0,0,5132,18,812.286,44.7143,2,0.0414151,45,0.142857,0.00255101,0.0269841
GR,19,0,0,0,1,1,0,0,0,0,5132,19,818.143,21.5714,0.571429,0.0269841,45.7143,0.285714,0.0181319,0.0431457
GR,20,2,1,0,2,1,1,0,0,0,5132,20,822.143,9.14286,0.428571,0.0431457,47.7143,0.285714,0.0337301,0.0620749
GR,21,2,1,0,2,1,1,0,0,0,5132,21,825.143,6.71429,0.428571,0.0620749,49,0,0,0.0285714
GR,22,2,1,0,2,1,1,0,0,0,5132,22,826.857,4.28571,0.142857,0.0285714,49,0,0,0.047619
GR,23,3,1,2,2,1,2,0,0,0,5132,23,827.714,2.42857,0.142857,0.047619,49,0,0,0.0714286
GR,24,3,1,2,2,1,2,0,0,0,5132,24,828.571,1.71429,0.142857,0.0714286,50,0.142857,0.142857,0
GR,25,3,1,2,2,1,2,0,0,1,5132,25,829,1.28571,0,0,50,0,0,0.185714
GR,26,4,2,2,2,1,2,0,0,1,5132,26,831.429,3.42857,0.714286,0.185714,50,0,0,0.086848
GR,27,4,2,2,2,1,2,0,0,1,5132,27,837,8.57143,0.714286,0.086848,50,0,0,0.0956138
GR,28,4,2,2,2,1,2,0,1,1,5132,28,844,13.1429,1.28571,0.0956138,50,0,0,0.0489796
GR,29,4,2,2,2,1,2,0,1,1,5132,29,851.429,14.5714,0.714286,0.0489796,50,0,0,0.170212
GR,30,4,2,2,2,1,2,0,1,1,5132,30,881.714,44.5714,8,0.170212,50,0,0,0.0455264
GR,31,4,2,2,2,1,2,0,1,1,5132,31,921.286,71.8571,3.28571,0.0455264,50,0,0,0.0259724
GR,32,4,2,2,2,1,2,0,1,1,5132,32,936.857,48.7143,1.14286,0.0259724,50,0,0,0.0674279
GR,33,4,2,2,2,1,2,0,1,1,5132,33,948,25.1429,1.71429,0.0674279,50,0,0,0.114747
GR,34,4,2,2,2,1,2,2,1,1,5132,34,968,33.5714,3.85714,0.114747,50,0,0,0.0676985
GR,35,4,2,2,2,1,2,2,1,1,5132,35,993.429,46.8571,3.14286,0.0676985,50,0,0,0.0735499
GR,36,4,2,2,2,1,2,2,1,1,5132,36,1010.14,41.1429,3,0.0735499,50,0,0,0.0859452
JU,11,5,3,3,2,2,3,3,0,0,102,11,12.4286,14.2857,2,0.141365,0,0,0,0.143435
JU,12,0,0,0,0,0,0,0,0,0,102,12,40.1429,42.2857,6,0.143435,0,0,0,0.102614
JU,13,0,0,0,0,0,0,0,0,0,102,13,100.429,93.8571,9.42857,0.102614,0,0,0,0.0444586
JU,14,0,0,0,0,0,0,0,0,0,102,14,146.429,105.143,4.71429,0.0444586,0,0,0,0.0437923
JU,15,0,0,0,0,0,0,0,0,0,102,15,176.571,70.5714,3.28571,0.0437923,1.57143,0.428571,0.0062726,0.0325956
JU,16,0,0,0,0,0,0,0,0,0,102,16,188.714,38.7143,1.28571,0.0325956,3.28571,0.285714,0.00921659,0.0262605
JU,17,0,0,0,0,0,0,0,0,0,102,17,195.714,16.4286,0.571429,0.0262605,6,0.142857,0.00595239,0.0362811
JU,18,0,0,0,1,1,0,0,0,0,102,18,197.429,7.42857,0.285714,0.0362811,7,0.142857,0.0119048,0.109524
JU,19,0,0,0,1,1,0,0,0,0,102,19,201,5.71429,0.571429,0.109524,7,0,0,0
JU,20,2,1,0,2,1,1,0,0,0,102,20,202,4.28571,0,0,7,0,0,0.142857
JU,21,2,1,0,2,1,1,0,0,0,102,21,203.429,2.14286,0.285714,0.142857,7,0,0,0.047619
JU,22,2,1,0,2,1,1,0,0,0,102,22,204.714,2.85714,0.142857,0.047619,7,0,0,0
JU,23,3,1,2,2,1,2,0,0,0,102,23,205,1.28571,0,0,7,0,0,0.142857
JU,24,3,1,2,2,1,2,0,0,0,102,24,205.286,0.571429,0.142857,0.142857,7,0,0,0.0952381
JU,25,3,1,2,2,1,2,0,0,1,102,25,206.286,1.57143,0.285714,0.0952381,7,0,0,0.136905
JU,26,4,2,2,2,1,2,0,0,1,102,26,210.714,6.42857,1.14286,0.136905,7,0,0,0.139001
JU,27,4,2,2,2,1,2,0,2,1,102,27,228.429,25.8571,4,0.139001,7,0,0,0.0414925
JU,28,4,2,2,2,1,2,0,2,1,102,28,250.857,40.7143,1.71429,0.0414925,7,0,0,0.0143849
JU,29,4,2,2,2,1,2,0,2,1,102,29,258.143,26.1429,0.428571,0.0143849,7,0,0,0
JU,30,4,2,2,2,1,2,0,2,1,102,30,259,6.42857,0,0,7,0,0,0.0714286
JU,31,4,2,2,2,1,2,0,2,1,102,31,259.857,1.42857,0.142857,0.0714286,7,0,0,0
JU,32,4,2,2,2,1,2,0,2,1,102,32,260,1,0,0,7,0,0,0.142857
JU,33,4,2,2,2,1,2,0,2,1,102,33,261,1.28571,0.285714,0.142857,7,0,0,0.107143
JU,34,4,2,2,2,1,2,1,2,1,102,34,263.286,3.85714,0.428571,0.107143,7,0,0,0.0714287
JU,35,4,2,2,2,1,2,1,2,1,102,35,266.714,5.71429,0.428571,0.0714287,7,0,0,0.119092
JU,36,4,2,2,2,1,2,1,2,1,102,36,273.143,11,1.28571,0.119092,7,0,0,0.0928287
LU,11,5,3,3,2,2,3,3,0,0,2175,11,0,0,0,0,0,0,0,0.216929
LU,12,0,0,0,0,0,0,0,0,0,2175,12,66,88.2857,18.7143,0.216929,0.285714,0.142857,0.00109051,0.110473
LU,13,0,0,0,0,0,0,0,0,0,2175,13,255,282.857,29.7143,0.110473,2.85714,0.571429,0.00195273,0.0563016
LU,14,0,0,0,0,0,0,0,0,0,2175,14,420.714,353.286,19.8571,0.0563016,7.14286,0.571429,0.00164399,0.0514665
LU,15,0,0,0,0,0,0,0,0,0,2175,15,539.857,268.857,14,0.0514665,9.28571,0.142857,0.000602773,0.0436422
LU,16,0,0,0,0,0,0,0,0,0,2175,16,602.857,168.857,7.14286,0.0436422,12.8571,0.714286,0.00433676,0.0580736
LU,17,0,0,0,0,0,0,0,0,0,2175,17,653.571,107.714,6.28571,0.0580736,15.4286,0.142857,0.001443,0.0563228
LU,18,0,0,0,1,1,0,0,0,0,2175,18,692,86,5,0.0563228,17,0.285714,0.00355399,0.0220072
LU,19,0,0,0,1,1,0,0,0,0,2175,19,709.857,51.5714,1.14286,0.0220072,18.5714,0.142857,0.00269541,0.0691609
LU,20,2,1,0,2,1,1,0,0,0,2175,20,716.429,21.8571,1.42857,0.0691609,19.4286,0.142857,0.00952381,0.0662298
LU,21,2,1,0,2,1,1,0,0,0,2175,21,730.857,20.8571,1.42857,0.0662298,20,0,0,0.0142857
LU,22,2,1,0,2,1,1,0,0,0,2175,22,734.571,16.5714,0.285714,0.0142857,20,0,0,0.047619
LU,23,3,1,2,2,1,2,0,0,0,2175,23,735.143,3.42857,0.142857,0.047619,20,0,0,0.0952381
LU,24,3,1,2,2,1,2,0,0,0,2175,24,736.286,1.71429,0.285714,0.0952381,20,0,0,0.128571
LU,25,3,1,2,2,1,2,0,0,0,2175,25,740.571,6.28571,0.857143,0.128571,20,0,0,0.0890235
LU,26,4,2,2,2,1,2,0,0,0,2175,26,747.857,12.5714,1.14286,0.0890235,20,0,0,0.114142
LU,27,4,2,2,2,1,2,0,0,0,2175,27,763.571,24.4286,2.71429,0.114142,20,0,0,0.0776397
LU,28,4,2,2,2,1,2,0,1,0,2175,28,779.143,33.1429,2.71429,0.0776397,20,0,0,0.0939354
LU,29,4,2,2,2,1,2,0,1,0,2175,29,806.714,44.4286,4.14286,0.0939354,20,0,0,0.0572727
LU,30,4,2,2,2,1,2,0,1,0,2175,30,832.857,53.7143,3.14286,0.0572727,20,0,0,0.0907318
LU,31,4,2,2,2,1,2,0,1,0,2175,31,862.714,58.1429,5.28571,0.0907318,20,0,0,0.0854374
LU,32,4,2,2,2,1,2,0,1,0,2175,32,907.571,77.7143,6.57143,0.0854374,20.5714,0.142857,0.00185529,0.0713713
LU,33,4,2,2,2,1,2,0,1,0,2175,33,952,91.8571,6.57143,0.0713713,21,0,0,0.054646
LU,34,4,2,2,2,1,2,1,1,0,2175,34,996.429,86.8571,4.85714,0.054646,21,0,0,0.0745328
LU,35,4,2,2,2,1,2,1,1,0,2175,35,1032.29,78.5714,5.85714,0.0745328,21,0,0,0.0697671
LU,36,4,2,2,2,1,2,1,1,0,2175,36,1073.86,77.8571,5.42857,0.0697671,21,0,0,0.0635206
NE,11,5,3,3,2,2,3,3,0,0,227,11,48.8571,58,7.14286,0.123934,0,0,0,0.1264
NE,12,0,0,0,0,0,0,0,0,0,227,12,161.857,169.571,20.2857,0.1264,2.42857,0.571429,0.00345152,0.0731076
NE,13,0,0,0,0,0,0,0,0,0,227,13,298.571,259,18.5714,0.0731076,11.1429,2,0.00764519,0.0632384
NE,14,0,0,0,0,0,0,0,0,0,227,14,427,258.429,16.7143,0.0632384,26,1.85714,0.00715981,0.0720803
NE,15,0,0,0,0,0,0,0,0,0,227,15,538.857,236.286,17.1429,0.0720803,43.5714,3,0.0129031,0.0389599
NE,16,0,0,0,0,0,0,0,0,0,227,16,616.714,182.286,7.28571,0.0389599,61,2,0.0108678,0.0407376
NE,17,0,0,0,0,0,0,0,0,0,227,17,658,108.571,4.71429,0.0407376,72.7143,1.57143,0.0147055,0.049692
NE,18,0,0,0,1,1,0,0,0,0,227,18,682.571,60.7143,3.14286,0.049692,79.1429,0.571429,0.0100031,0.074766
NE,19,0,0,0,1,1,0,0,0,0,227,19,703.143,44.2857,3.28571,0.074766,81.5714,0.142857,0.0031746,0.0252835
NE,20,2,1,0,2,1,1,0,0,0,227,20,716,31.4286,0.857143,0.0252835,82.4286,0.142857,0.00510204,0.0448592
NE,21,2,1,0,2,1,1,0,0,0,227,21,722.429,16.7143,0.857143,0.0448592,83,0,0,0.0301587
NE,22,2,1,0,2,1,1,0,0,0,227,22,725.286,8.85714,0.285714,0.0301587,83,0,0,0.121599
NE,23,3,1,2,2,1,2,0,0,0,227,23,730.286,8.42857,1,0.121599,83,0,0,0.0545455
NE,24,3,1,2,2,1,2,0,0,0,227,24,735.714,10.4286,0.571429,0.0545455,83,0,0,0.097619
NE,25,3,1,2,2,1,2,0,0,1,227,25,739.857,9.14286,0.857143,0.097619,83,0,0,0.0337301
NE,26,4,2,2,2,1,2,0,0,1,227,26,744.286,8.71429,0.285714,0.0337301,83,0,0,0.0904761
NE,27,4,2,2,2,1,2,0,0,1,227,27,749.286,9.42857,0.857143,0.0904761,83,0,0,0.0607143
NE,28,4,2,2,2,1,2,0,1,1,227,28,753.571,9.57143,0.571429,0.0607143,83,0,0,0.119338
NE,29,4,2,2,2,1,2,0,1,1,227,29,761.714,13,1.42857,0.119338,83,0,0,0.06257
NE,30,4,2,2,2,1,2,0,1,1,227,30,769.714,16.1429,1,0.06257,83,0,0,0.101471
NE,31,4,2,2,2,1,2,0,1,1,227,31,779.429,18.2857,1.85714,0.101471,83,0,0,0.060192
NE,32,4,2,2,2,1,2,0,1,1,227,32,790.571,21.8571,1.28571,0.060192,83.2857,0.142857,0.0064935,0.11478
NE,33,4,2,2,2,1,2,0,1,1,227,33,813,35.5714,4,0.11478,84,0,0,0.0754279
NE,34,4,2,2,2,1,2,1,2,1,227,34,837.286,48.4286,3.57143,0.0754279,84,0,0,0.0915355
NE,35,4,2,2,2,1,2,1,2,1,227,35,862.714,50.1429,4.71429,0.0915355,84,0,0,0.0782802
NE,36,4,2,2,2,1,2,1,2,1,227,36,895.714,61.5714,5,0.0782802,84.1429,0.142857,0.00185529,0.101725
NW,11,5,3,3,2,2,3,3,0,0,329,11,3.85714,5.28571,1.14286,0.185714,0,0,0,0.1535
NW,12,0,0,0,0,0,0,0,0,0,329,12,23.1429,27.2857,4,0.1535,0,0,0,0.0699503
NW,13,0,0,0,0,0,0,0,0,0,329,13,48.7143,46.8571,3.28571,0.0699503,0,0,0,0.0582549
NW,14,0,0,0,0,0,0,0,0,0,329,14,74,50,3,0.0582549,0,0,0,0.0740498
NW,15,0,0,0,0,0,0,0,0,0,329,15,95.5714,46,3.42857,0.0740498,0.285714,0.142857,0.0031746,0.0189342
NW,16,0,0,0,0,0,0,0,0,0,329,16,106.286,29.5714,0.571429,0.0189342,2.14286,0.285714,0.00986394,0.047619
NW,17,0,0,0,0,0,0,0,0,0,329,17,108.286,10.4286,0.285714,0.047619,3,0,0,0.0761904
NW,18,0,0,0,1,1,0,0,0,0,329,18,112,5.57143,0.428571,0.0761904,3,0,0,0.0408163
NW,19,0,0,0,1,1,0,0,0,0,329,19,114.143,6.14286,0.285714,0.0408163,3,0,0,0.134467
NW,20,2,1,0,2,1,1,0,0,0,329,20,120.714,9.14286,1.14286,0.134467,3,0,0,0
NW,21,2,1,0,2,1,1,0,0,0,329,21,123,8.28571,0,0,3,0,0,0.142857
NW,22,2,1,0,2,1,1,0,0,0,329,22,123.286,1.85714,0.142857,0.142857,3,0,0,0
NW,23,3,1,2,2,1,2,0,0,0,329,23,124,1,0,0,3,0,0,0
NW,24,3,1,2,2,1,2,0,0,0,329,24,124,0.571429,0,0,3,0,0,0
NW,25,3,1,2,2,1,2,0,0,0,329,25,124,0,0,0,3,0,0,0
NW,26,4,2,2,2,1,2,0,0,0,329,26,124,0,0,0,3,0,0,0
NW,27,4,2,2,2,1,2,0,0,0,329,27,124,0,0,0,3,0,0,0.214286
NW,28,4,2,2,2,1,2,0,1,0,329,28,125.143,1.42857,0.285714,0.214286,3,0,0,0.0833333
NW,29,4,2,2,2,1,2,0,1,0,329,29,127,3.28571,0.285714,0.0833333,3,0,0,0
NW,30,4,2,2,2,1,2,0,1,0,329,30,128,2.57143,0,0,3,0,0,0.0714286
NW,31,4,2,2,2,1,2,0,1,0,329,31,128.571,1.42857,0.142857,0.0714286,3,0,0,0.119048
NW,32,4,2,2,2,1,2,0,1,0,329,32,130,2.28571,0.285714,0.119048,3,0,0,0
NW,33,4,2,2,2,1,2,0,1,0,329,33,131,2.28571,0,0,3,0,0,0
NW,34,4,2,2,2,1,2,2,1,0,329,34,131,0.714286,0,0,3,0,0,0.142857
NW,35,4,2,2,2,1,2,2,1,0,329,35,132.571,1.85714,0.285714,0.142857,3,0,0,0.139456
NW,36,4,2,2,2,1,2,2,1,0,329,36,135.857,5.57143,0.714286,0.139456,3,0,0,0.0238096
OW,11,5,3,3,2,2,3,3,0,0,673,11,0.428571,0.571429,0.142857,0.142857,0,0,0,0
OW,12,0,0,0,0,0,0,0,0,0,673,12,1,4.28571,0,0,0,0,0,0.185926
OW,13,0,0,0,0,0,0,0,0,0,673,13,31,33.5714,5.14286,0.185926,0,0,0,0.0548226
OW,14,0,0,0,0,0,0,0,0,0,673,14,51.5714,49.2857,2.71429,0.0548226,0,0,0,0.0265051
OW,15,0,0,0,0,0,0,0,0,0,673,15,61.2857,27.4286,0.857143,0.0265051,0,0,0,0.047619
OW,16,0,0,0,0,0,0,0,0,0,673,16,64.7143,11.8571,0.571429,0.047619,0,0,0,0.0839001
OW,17,0,0,0,0,0,0,0,0,0,673,17,68.8571,8.42857,0.714286,0.0839001,0,0,0,0.0714286
OW,18,0,0,0,1,1,0,0,0,0,673,18,77.5714,12.7143,1,0.0714286,0,0,0,0.0119048
OW,19,0,0,0,1,1,0,0,0,0,673,19,79,9,0.142857,0.0119048,0,0,0,0
OW,20,2,1,0,2,1,1,0,0,0,673,20,79,0.857143,0,0,0,0,0,0.142857
OW,21,2,1,0,2,1,1,0,0,0,673,21,81.2857,2.71429,0.428571,0.142857,0,0,0,0
OW,22,2,1,0,2,1,1,0,0,0,673,22,82,3,0,0,0,0,0,0
OW,23,3,1,2,2,1,2,0,0,0,673,23,82,0.285714,0,0,0,0,0,0
OW,24,3,1,2,2,1,2,0,0,0,673,24,82,0,0,0,0,0,0,0
OW,25,3,1,2,2,1,2,0,0,0,673,25,82,0,0,0,0,0,0,0
OW,26,4,2,2,2,1,2,0,0,0,673,26,82,0.142857,0,0,0,0,0,0.142857
OW,27,4,2,2,2,1,2,0,0,0,673,27,83,1.14286,0.142857,0.142857,0,0,0,0.157143
OW,28,4,2,2,2,1,2,0,1,0,673,28,85.7143,4.14286,0.571429,0.157143,0,0,0,0.0285714
OW,29,4,2,2,2,1,2,0,1,0,673,29,88,5,0.142857,0.0285714,0,0,0,0.0476191
OW,30,4,2,2,2,1,2,0,1,0,673,30,89.8571,3.71429,0.285714,0.0476191,0,0,0,0.0714286
OW,31,4,2,2,2,1,2,0,1,0,673,31,91.2857,3.42857,0.285714,0.0714286,0,0,0,0.0714286
OW,32,4,2,2,2,1,2,0,1,0,673,32,93.7143,4.14286,0.285714,0.0714286,0,0,0,0.0285714
OW,33,4,2,2,2,1,2,0,1,0,673,33,95,3.42857,0.142857,0.0285714,0,0,0,0.145578
OW,34,4,2,2,2,1,2,2,1,0,673,34,99.1429,5.85714,0.857143,0.145578,0,0,0,0.0701299
OW,35,4,2,2,2,1,2,2,1,0,673,35,104.429,10.2857,0.714286,0.0701299,0,0,0,0.0142857
OW,36,4,2,2,2,1,2,2,1,0,673,36,107,7,0.142857,0.0142857,0,0,0,0.0714286
SG,11,5,3,3,2,2,3,3,0,0,984,11,9.42857,11.2857,1.85714,0.12381,0,0,0,0.15506
SG,12,0,0,0,0,0,0,0,0,0,984,12,71.7143,94.5714,11.8571,0.15506,0,0,0,0.147739
SG,13,0,0,0,0,0,0,0,0,0,984,13,271.857,289.714,38.1429,0.147739,2.28571,0.714286,0.00238691,0.0565062
SG,14,0,0,0,0,0,0,0,0,0,984,14,450.143,374.571,21.4286,0.0565062,7.85714,0.571429,0.00153994,0.0596961
SG,15,0,0,0,0,0,0,0,0,0,984,15,599,315.857,19.1429,0.0596961,15.8571,1.71429,0.00551189,0.037175
SG,16,0,0,0,0,0,0,0,0,0,984,16,682,219.143,8,0.037175,24.4286,0.857143,0.00407642,0.0659107
SG,17,0,0,0,0,0,0,0,0,0,984,17,735.429,126.571,8,0.0659107,29.8571,0.571429,0.00448539,0.0394353
SG,18,0,0,0,1,1,0,0,0,0,984,18,780.286,94.2857,3.85714,0.0394353,32.7143,0.285714,0.00285714,0.0241644
SG,19,0,0,0,1,1,0,0,0,0,984,19,795.571,53.2857,1.42857,0.0241644,33.8571,0.285714,0.0063492,0.0308913
SG,20,2,1,0,2,1,1,0,0,0,984,20,802.286,19,0.714286,0.0308913,36,0.142857,0.005291,0.0448718
SG,21,2,1,0,2,1,1,0,0,0,984,21,806.714,10.1429,0.571429,0.0448718,36,0,0,0.0238096
SG,22,2,1,0,2,1,1,0,0,0,984,22,807.714,4.85714,0.142857,0.0238096,36.7143,0.142857,0.0238096,0.0714286
SG,23,3,1,2,2,1,2,0,0,0,984,23,808.714,2,0.142857,0.0714286,37,0,0,0.0952381
SG,24,3,1,2,2,1,2,0,0,0,984,24,810.429,2.85714,0.285714,0.0952381,37,0,0,0.116883
SG,25,3,1,2,2,1,2,0,0,1,984,25,817.429,10.1429,1.28571,0.116883,37.7143,0.142857,0.012987,0.0902761
SG,26,4,2,2,2,1,2,0,0,1,984,26,827.286,18.7143,1.57143,0.0902761,38,0,0,0.1388
SG,27,4,2,2,2,1,2,0,0,1,984,27,858.286,45.5714,5.57143,0.1388,38,0,0,0.0809748
SG,28,4,2,2,2,1,2,0,1,1,984,28,898.143,74.1429,5.71429,0.0809748,39,0.142857,0.00238096,0.0447954
SG,29,4,2,2,2,1,2,0,1,1,984,29,928.143,67.1429,3.14286,0.0447954,39,0,0,0.0901841
SG,30,4,2,2,2,1,2,0,1,1,984,30,963.714,66.1429,6,0.0901841,39.5714,0.142857,0.00223214,0.0768053
SG,31,4,2,2,2,1,2,0,1,1,984,31,1003.86,77.2857,5.71429,0.0768053,40,0,0,0.0844309
SG,32,4,2,2,2,1,2,0,1,1,984,32,1041.57,80.2857,6.71429,0.0844309,40,0,0,0.10963
SG,33,4,2,2,2,1,2,2,1,1,984,33,1110.57,112,12,0.10963,40,0,0,0.0691713
SG,34,4,2,2,2,1,2,2,1,1,984,34,1190.43,149.571,10.2857,0.0691713,41,0.142857,0.000992063,0.0483614
SG,35,4,2,2,2,1,2,2,1,1,984,35,1242.43,127.714,6.14286,0.0483614,41,0,0,0.0763658
SG,36,4,2,2,2,1,2,2,1,1,984,36,1288,96.8571,7.14286,0.0763658,41,0,0,0.111533
SH,11,5,3,3,2,2,3,3,0,0,155,11,0.714286,1,0.142857,0.142857,0,0,0,0.26329
SH,12,0,0,0,0,0,0,0,0,0,155,12,14.1429,18.4286,4.14286,0.26329,0,0,0,0.0428053
SH,13,0,0,0,0,0,0,0,0,0,155,13,36.4286,36.8571,1.57143,0.0428053,0,0,0,0.0414966
SH,14,0,0,0,0,0,0,0,0,0,155,14,45.7143,28.4286,1.14286,0.0414966,0.857143,0.142857,0.00396826,0.0732142
SH,15,0,0,0,0,0,0,0,0,0,155,15,52.4286,15.5714,1.14286,0.0732142,1,0,0,0.054945
SH,16,0,0,0,0,0,0,0,0,0,155,16,59.4286,13.4286,0.714286,0.054945,1,0,0,0.090891
SH,17,0,0,0,0,0,0,0,0,0,155,17,66.7143,14.7143,1.42857,0.090891,3.14286,0.571429,0.0410256,0.027451
SH,18,0,0,0,1,1,0,0,0,0,155,18,74.4286,14.4286,0.428571,0.027451,5.85714,0.142857,0.00952381,0.0809524
SH,19,0,0,0,1,1,0,0,0,0,155,19,75.8571,8.14286,0.428571,0.0809524,6,0,0,0
SH,20,2,1,0,2,1,1,0,0,0,155,20,78,3.28571,0,0,6,0,0,0
SH,21,2,1,0,2,1,1,0,0,0,155,21,78,1.71429,0,0,6,0,0,0
SH,22,2,1,0,2,1,1,0,0,0,155,22,78,0,0,0,6,0,0,0
SH,23,3,1,2,2,1,2,0,0,0,155,23,78,0.142857,0,0,6,0,0,0.142857
SH,24,3,1,2,2,1,2,0,0,0,155,24,79,1.28571,0.142857,0.142857,7,0.142857,0.142857,0.0952381
SH,25,3,1,2,2,1,2,0,0,1,155,25,81,2.85714,0.285714,0.0952381,7,0,0,0
SH,26,4,2,2,2,1,2,0,0,1,155,26,81,2,0,0,7,0,0,0.142857
SH,27,4,2,2,2,1,2,0,0,1,155,27,83,2.28571,0.285714,0.142857,7,0,0,0.0857143
SH,28,4,2,2,2,1,2,0,1,1,155,28,85.8571,5.28571,0.428571,0.0857143,7,0,0,0.148565
SH,29,4,2,2,2,1,2,0,1,1,155,29,96.8571,15.1429,2,0.148565,7,0,0,0.0398883
SH,30,4,2,2,2,1,2,0,1,1,155,30,103.714,17.8571,0.714286,0.0398883,8,0.142857,0.00892857,0.096506
SH,31,4,2,2,2,1,2,0,1,1,155,31,113.857,17.5714,1.71429,0.096506,8,0,0,0.0973648
SH,32,4,2,2,2,1,2,0,1,1,155,32,130.429,28.2857,2.57143,0.0973648,8,0,0,0.0721255
SH,33,4,2,2,2,1,2,1,1,1,155,33,146.143,33,2.28571,0.0721255,8,0,0,0.0411285
SH,34,4,2,2,2,1,2,1,1,1,155,34,159.143,27,1.28571,0.0411285,8,0,0,0.015735
SH,35,4,2,2,2,1,2,1,1,1,155,35,161.857,13.2857,0.285714,0.015735,8,0,0,0.105442
SH,36,4,2,2,2,1,2,1,1,1,155,36,166,6.85714,0.714286,0.105442,8,0,0,0.108704
SO,11,5,3,3,2,2,3,3,0,0,431,11,1,1,0,0,0,0,0,0.142857
SO,12,0,0,0,0,0,0,0,0,0,431,12,28.8571,41.7143,9.28571,0.142857,0,0,0,0.124998
SO,13,0,0,0,0,0,0,0,0,0,431,13,141.286,153.857,17.7143,0.124998,1.14286,0.285714,0.00214282,0.0501399
SO,14,0,0,0,0,0,0,0,0,0,431,14,224.857,192.714,9.71429,0.0501399,2.71429,0.142857,0.000632111,0.0604269
SO,15,0,0,0,0,0,0,0,0,0,431,15,285.429,139.143,8.14286,0.0604269,4.57143,0.571429,0.00431887,0.0514932
SO,16,0,0,0,0,0,0,0,0,0,431,16,339.429,109.286,5.71429,0.0514932,8.71429,0.571429,0.0056437,0.0431235
SO,17,0,0,0,0,0,0,0,0,0,431,17,370.286,80.1429,3.57143,0.0431235,12.5714,0.571429,0.00799797,0.0580019
SO,18,0,0,0,1,1,0,0,0,0,431,18,388.143,46.4286,2.57143,0.0580019,15,0,0,0.038343
SO,19,0,0,0,1,1,0,0,0,0,431,19,404.571,33.2857,1.28571,0.038343,15,0,0,0.0761424
SO,20,2,1,0,2,1,1,0,0,0,431,20,424.286,35.2857,2.85714,0.0761424,15,0,0,0.0530303
SO,21,2,1,0,2,1,1,0,0,0,431,21,436.857,30.4286,1.71429,0.0530303,16,0.142857,0.00446429,0.010989
SO,22,2,1,0,2,1,1,0,0,0,431,22,439.571,13.7143,0.142857,0.010989,17,0.142857,0.00793651,0.108843
SO,23,3,1,2,2,1,2,0,0,0,431,23,444.571,7.57143,0.857143,0.108843,17,0,0,0.0357143
SO,24,3,1,2,2,1,2,0,0,0,431,24,446.286,6.85714,0.285714,0.0357143,17,0,0,0.104762
SO,25,3,1,2,2,1,2,0,0,0,431,25,449.571,4.57143,0.428571,0.104762,17,0,0,0.0408163
SO,26,4,2,2,2,1,2,0,0,0,431,26,452.286,6.42857,0.285714,0.0408163,17,0,0,0.155261
SO,27,4,2,2,2,1,2,0,0,0,431,27,462.143,14.4286,2.14286,0.155261,17,0,0,0.0702948
SO,28,3,1,1,2,1,2,0,1,0,431,28,478.571,28.2857,1.85714,0.0702948,17,0,0,0.0777311
SO,29,3,1,1,2,1,2,0,1,0,431,29,497.143,34.4286,2.71429,0.0777311,17,0,0,0.0537793
SO,30,3,1,1,2,1,2,0,1,0,431,30,508,29,1.57143,0.0537793,18,0.142857,0.0047619,0.0799372
SO,31,3,1,1,2,1,2,0,1,0,431,31,523.429,26.8571,2.14286,0.0799372,18,0,0,0.0924241
SO,32,3,1,1,2,1,2,0,1,0,431,32,543.429,36.4286,3.14286,0.0924241,18,0,0,0.1196
SO,33,3,1,1,2,1,2,2,1,0,431,33,582.429,64.5714,7.14286,0.1196,18,0,0,0.0699829
SO,34,3,1,1,2,1,2,2,1,0,431,34,634.571,93.2857,6.42857,0.0699829,18,0,0,0.0726641
SO,35,3,1,1,2,1,2,2,1,0,431,35,670,87,6.28571,0.0726641,18,0,0,0.0626279
SO,36,3,1,1,2,1,2,2,1,0,431,36,714,78.1429,4.85714,0.0626279,18,0,0,0.0460906
SZ,11,5,3,3,2,2,3,3,0,0,565,11,7.85714,8.85714,1,0.091575,0,0,0,0
SZ,12,0,0,0,0,0,0,0,0,0,565,12,13,8.57143,0,0,0,0,0,0.170778
SZ,13,0,0,0,0,0,0,0,0,0,565,13,97.5714,106.143,16.4286,0.170778,0.571429,0.285714,0.00243518,0.0414174
SZ,14,0,0,0,0,0,0,0,0,0,565,14,154.143,147.286,6,0.0414174,4,0.428571,0.00305815,0.107412
SZ,15,0,0,0,0,0,0,0,0,0,565,15,212.429,107.857,11.5714,0.107412,8.57143,0.857143,0.00839894,0.0227467
SZ,16,0,0,0,0,0,0,0,0,0,565,16,262.143,104.857,2.42857,0.0227467,13.5714,0.571429,0.00538707,0.0634773
SZ,17,0,0,0,0,0,0,0,0,0,565,17,282.286,62.4286,3.57143,0.0634773,16.2857,0.428571,0.00846384,0.043158
SZ,18,0,0,0,1,1,0,0,0,0,565,18,299.429,36,1.57143,0.043158,20.1429,0.428571,0.0121628,0.0159151
SZ,19,0,0,0,1,1,0,0,0,0,565,19,305.286,20.1429,0.285714,0.0159151,22.5714,0.285714,0.0124224,0.0357143
SZ,20,2,1,0,2,1,1,0,0,0,565,20,306.571,5.57143,0.142857,0.0357143,23,0,0,0
SZ,21,2,1,0,2,1,1,0,0,0,565,21,307,1.57143,0,0,23,0,0,0
SZ,22,2,1,0,2,1,1,0,0,0,565,22,307,0.285714,0,0,23,0,0,0
SZ,23,3,1,2,2,1,2,0,0,0,565,23,307,0,0,0,23,0,0,0.142857
SZ,24,3,1,2,2,1,2,0,0,0,565,24,307.571,0.714286,0.142857,0.142857,23,0,0,0.0714286
SZ,25,3,1,2,2,1,2,0,0,0,565,25,308.429,2.14286,0.142857,0.0714286,23,0,0,0.211905
SZ,26,4,2,2,2,1,2,0,0,0,565,26,317.857,12.2857,2,0.211905,23,0,0,0.101144
SZ,27,4,2,2,2,1,2,0,0,0,565,27,335.286,28.1429,2.71429,0.101144,23,0,0,0.0749352
SZ,28,4,2,2,2,1,2,0,1,0,565,28,354.571,37.5714,2.85714,0.0749352,23,0,0,0.0508747
SZ,29,4,2,2,2,1,2,0,1,0,565,29,371,35.5714,1.85714,0.0508747,23.5714,0.142857,0.00408163,0.0612957
SZ,30,4,2,2,2,1,2,0,1,0,565,30,381.714,25.5714,1.57143,0.0612957,24.8571,0.142857,0.005291,0.0987832
SZ,31,4,2,2,2,1,2,0,1,0,565,31,397.714,27.5714,2.71429,0.0987832,25,0,0,0.0576799
SZ,32,4,2,2,2,1,2,0,1,0,565,32,413.143,31.8571,1.85714,0.0576799,25,0,0,0.0791522
SZ,33,4,2,2,2,1,2,0,1,0,565,33,429.857,32.4286,2.57143,0.0791522,25,0,0,0.0919771
SZ,34,4,2,2,2,1,2,2,1,0,565,34,451.429,40,3.42857,0.0919771,25,0,0,0.0708583
SZ,35,4,2,2,2,1,2,2,1,0,565,35,479.286,50.1429,3.57143,0.0708583,25,0,0,0.0492299
SZ,36,4,2,2,2,1,2,2,1,0,565,36,494.857,42.4286,2.14286,0.0492299,25,0,0,0.100117
TG,11,5,3,3,2,2,3,3,0,0,426,11,5.57143,7.85714,1.42857,0.188197,0,0,0,0.193385
TG,12,0,0,0,0,0,0,0,0,0,426,12,41.7143,50.4286,9.28571,0.193385,2.42857,0.428571,0.0135909,0.0806071
TG,13,0,0,0,0,0,0,0,0,0,426,13,110,111.714,9,0.0806071,3.71429,0.428571,0.00328936,0.0750089
TG,14,0,0,0,0,0,0,0,0,0,426,14,181.857,141,10.7143,0.0750089,6.85714,0.142857,0.0010582,0.0714948
TG,15,0,0,0,0,0,0,0,0,0,426,15,251.571,142.429,10.2857,0.0714948,7.85714,0.142857,0.00102041,0.0541609
TG,16,0,0,0,0,0,0,0,0,0,426,16,313,127.143,6.85714,0.0541609,11.1429,0.714286,0.00555081,0.0415394
TG,17,0,0,0,0,0,0,0,0,0,426,17,350.143,91.7143,3.85714,0.0415394,14,0.428571,0.00565941,0.0236461
TG,18,0,0,0,1,1,0,0,0,0,426,18,364.857,47.2857,1,0.0236461,17,0.142857,0.0021978,0.0478354
TG,19,0,0,0,1,1,0,0,0,0,426,19,374.143,21,1.14286,0.0478354,17,0,0,0.0367966
TG,20,2,1,0,2,1,1,0,0,0,426,20,377.571,11.5714,0.428571,0.0367966,17,0,0,0.0357143
TG,21,2,1,0,2,1,1,0,0,0,426,21,379.286,4.71429,0.142857,0.0357143,17.7143,0.142857,0.0285714,0.107143
TG,22,2,1,0,2,1,1,0,0,0,426,22,381,3.42857,0.428571,0.107143,18,0,0,0
TG,23,3,1,2,2,1,2,0,0,0,426,23,383,3.71429,0,0,18,0,0,0.0357143
TG,24,3,1,2,2,1,2,0,0,0,426,24,384,2.57143,0.142857,0.0357143,18,0,0,0.0714286
TG,25,3,1,2,2,1,2,0,0,1,426,25,384.714,1.71429,0.142857,0.0714286,18,0,0,0.180499
TG,26,4,2,2,2,1,2,0,0,1,426,26,389.143,6.42857,1.14286,0.180499,18,0,0,0.0978372
TG,27,4,2,2,2,1,2,0,0,1,426,27,399.571,16.1429,1.57143,0.0978372,18,0,0,0.0509011
TG,28,4,2,2,2,1,2,0,1,1,426,28,408,18.7143,1,0.0509011,18,0,0,0.121595
TG,29,4,2,2,2,1,2,0,1,1,426,29,422,24.4286,3,0.121595,18,0,0,0.077377
TG,30,4,2,2,2,1,2,0,1,1,426,30,443.571,37,2.85714,0.077377,18,0,0,0.0600348
TG,31,4,2,2,2,1,2,0,1,1,426,31,461.286,38.1429,2.28571,0.0600348,18.7143,0.142857,0.003663,0.0808822
TG,32,4,2,2,2,1,2,0,1,1,426,32,476.571,34,2.85714,0.0808822,19,0,0,0.10184
TG,33,4,2,2,2,1,2,2,1,1,426,33,510.571,51.8571,5.14286,0.10184,19,0,0,0.0680004
TG,34,4,2,2,2,1,2,2,1,1,426,34,547,71.1429,4.85714,0.0680004,19,0,0,0.0530012
TG,35,4,2,2,2,1,2,2,1,1,426,35,569.429,56.8571,3,0.0530012,19,0,0,0.0538716
TG,36,4,2,2,2,1,2,2,1,1,426,36,585.286,35.8571,1.85714,0.0538716,19,0,0,0.131912
TI,11,5,3,3,2,2,3,3,0,0,2271,11,167.286,209.571,34.8571,0.172287,1.85714,0.857143,0.00349434,0.133072
TI,12,0,0,0,0,0,0,0,0,0,2271,12,664.714,746,93.1429,0.133072,18.5714,4.42857,0.00549113,0.0954986
TI,13,0,0,0,0,0,0,0,0,0,2271,13,1482.57,1385.71,127.429,0.0954986,69.1429,8,0.00587644,0.0605486
TI,14,0,0,0,0,0,0,0,0,0,2271,14,2263.71,1569,95.8571,0.0605486,142.143,12,0.00765655,0.0451567
TI,15,0,0,0,0,0,0,0,0,0,2271,15,2711.57,1165.29,51.5714,0.0451567,216.714,9.57143,0.00829225,0.0385171
TI,16,0,0,0,0,0,0,0,0,0,2271,16,2956.43,631.857,23.2857,0.0385171,267,5.28571,0.00834333,0.0530599
TI,17,0,0,0,0,0,0,0,0,0,2271,17,3106,359.714,18.4286,0.0530599,297.286,3.57143,0.00979181,0.0455275
TI,18,0,0,0,1,1,0,0,0,0,2271,18,3203.43,234.286,10.5714,0.0455275,319.286,2.57143,0.0104171,0.0337916
TI,19,0,0,0,1,1,0,0,0,0,2271,19,3251,133.429,4.28571,0.0337916,332.857,2.28571,0.0181852,0.0471303
TI,20,2,1,0,2,1,1,0,0,0,2271,20,3274.71,63.8571,2.71429,0.0471303,340.857,0.285714,0.00534366,0.0651108
TI,21,2,1,0,2,1,1,0,0,0,2271,21,3295.86,43.5714,3,0.0651108,344.714,0.714286,0.0170845,0.0424221
TI,22,2,1,0,2,1,1,0,0,0,2271,22,3310.43,34.5714,1.42857,0.0424221,348,0.142857,0.00357143,0.0119048
TI,23,3,1,2,2,1,2,0,0,0,2271,23,3315.57,16.8571,0.142857,0.0119048,348.143,0.142857,0.0142857,0.130952
TI,24,3,1,2,2,1,2,0,0,0,2271,24,3317.29,6.28571,0.714286,0.130952,349.429,0.142857,0.0285714,0.0694444
TI,25,3,1,2,2,1,2,0,0,1,2271,25,3323.29,8.28571,0.571429,0.0694444,350,0,0,0.025974
TI,26,4,1,2,2,1,2,0,0,1,2271,26,3326.86,9.14286,0.285714,0.025974,350,0,0,0.172167
TI,27,4,1,2,2,1,2,0,0,1,2271,27,3335.57,14.8571,2.71429,0.172167,350,0,0,0.0952124
TI,28,4,1,2,2,1,2,0,1,1,2271,28,3363,39.2857,3.42857,0.0952124,350,0,0,0.0638286
TI,29,4,1,2,2,1,2,0,1,1,2271,29,3385.86,51.5714,3.28571,0.0638286,350,0,0,0.0624652
TI,30,4,1,2,2,1,2,0,1,1,2271,30,3414.57,50.1429,3.42857,0.0624652,350,0,0,0.0587701
TI,31,4,1,2,2,1,2,0,1,1,2271,31,3429.86,42.4286,2.57143,0.0587701,350,0,0,0.0666256
TI,32,4,1,2,2,1,2,0,1,1,2271,32,3446,31,2,0.0666256,350,0,0,0.0757065
TI,33,4,1,2,2,1,2,0,1,1,2271,33,3461.71,31.2857,2.42857,0.0757065,350,0,0,0.107984
TI,34,4,1,2,2,1,2,0,1,1,2271,34,3489.14,47.5714,4.85714,0.107984,350,0,0,0.0737013
TI,35,4,1,2,2,1,2,0,1,1,2271,35,3526.29,66.2857,4.71429,0.0737013,350,0,0,0.0541806
TI,36,4,1,2,2,1,2,1,1,1,2271,36,3550.14,57.8571,3.28571,0.0541806,350,0,0,0.0681255
UR,11,5,3,3,2,2,3,3,0,0,255,11,1.14286,1.42857,0.285714,0.142857,0,0,0,0.161565
UR,12,0,0,0,0,0,0,0,0,0,255,12,6.71429,9.57143,1.42857,0.161565,0,0,0,0.158781
UR,13,0,0,0,0,0,0,0,0,0,255,13,35.4286,38.4286,5.42857,0.158781,0,0,0,0.0452177
UR,14,0,0,0,0,0,0,0,0,0,255,14,60.5714,53,2.42857,0.0452177,0.857143,0.285714,0.00587001,0.0471478
UR,15,0,0,0,0,0,0,0,0,0,255,15,72.1429,33.8571,1.42857,0.0471478,3.42857,0.285714,0.00840336,0.00680271
UR,16,0,0,0,0,0,0,0,0,0,255,16,78,15.4286,0.142857,0.00680271,4.57143,0.142857,0.00892857,0.0571429
UR,17,0,0,0,0,0,0,0,0,0,255,17,78.2857,5.28571,0.285714,0.0571429,5,0,0,0.165699
UR,18,0,0,0,1,1,0,0,0,0,255,18,86.4286,9.57143,1.42857,0.165699,5.42857,0.142857,0.012987,0.0211931
UR,19,0,0,0,1,1,0,0,0,0,255,19,91.5714,12.7143,0.285714,0.0211931,6.85714,0.142857,0.010989,0.047619
UR,20,2,1,0,2,1,1,0,0,0,255,20,92.2857,4.85714,0.142857,0.047619,7,0,0,0
UR,21,2,1,0,2,1,1,0,0,0,255,21,93,1.28571,0,0,7,0,0,0
UR,22,2,1,0,2,1,1,0,0,0,255,22,93,0.571429,0,0,7,0,0,0
UR,23,3,1,2,2,1,2,0,0,0,255,23,93,0,0,0,7,0,0,0
UR,24,3,1,2,2,1,2,0,0,0,255,24,93,0,0,0,7,0,0,0
UR,25,3,1,2,2,1,2,0,0,0,255,25,93,0,0,0,7,0,0,0.142857
UR,26,4,2,2,2,1,2,0,0,0,255,26,93.4286,0.714286,0.142857,0.142857,7,0,0,0.1671
UR,27,4,2,2,2,1,2,0,0,0,255,27,101.714,10.1429,1.57143,0.1671,7,0,0,0.0394557
UR,28,4,2,2,2,1,2,0,1,0,255,28,107.857,14.7143,0.571429,0.0394557,7,0,0,0.0408163
UR,29,4,2,2,2,1,2,0,1,0,255,29,110.429,7.71429,0.285714,0.0408163,7,0,0,0.1
UR,30,4,2,2,2,1,2,0,1,0,255,30,113.714,5.71429,0.571429,0.1,7,0,0,0.0285714
UR,31,4,2,2,2,1,2,0,1,0,255,31,115.714,5.14286,0.142857,0.0285714,7,0,0,0.0285714
UR,32,4,2,2,2,1,2,0,1,0,255,32,117,2.85714,0.142857,0.0285714,7,0,0,0.161224
UR,33,4,2,2,2,1,2,0,1,0,255,33,120.857,6.14286,0.857143,0.161224,7,0,0,0.0785715
UR,34,4,2,2,2,1,2,2,1,0,255,34,128.286,12.1429,0.857143,0.0785715,7,0,0,0.0756802
UR,35,4,2,2,2,1,2,2,1,0,255,35,135.571,14.1429,1.14286,0.0756802,7,0,0,0
UR,36,4,2,2,2,1,2,2,1,0,255,36,137,8,0,0,7,0,0,0.0357143
VD,11,5,3,3,2,2,3,3,0,0,2913,11,296.286,402.714,75.1429,0.204734,2.85714,0.714286,0.00145647,0.134524
VD,12,0,0,0,0,0,0,0,0,0,2913,12,1464.71,1656.29,201.286,0.134524,17.1429,2.85714,0.00181223,0.0764995
VD,13,0,0,0,0,0,0,0,0,0,2913,13,2912.29,2698.71,202.571,0.0764995,55.1429,8.28571,0.00302208,0.0513724
VD,14,0,0,0,0,0,0,0,0,0,2913,14,4010.43,2449.29,129,0.0513724,142.286,14.8571,0.00611343,0.0442592
VD,15,0,0,0,0,0,0,0,0,0,2913,15,4641.29,1602.29,73.1429,0.0442592,237.286,11,0.0067906,0.0383301
VD,16,0,0,0,0,0,0,0,0,0,2913,16,4981.43,889.286,35.7143,0.0383301,308.571,10.1429,0.0114644,0.0456699
VD,17,0,0,0,0,0,0,0,0,0,2913,17,5163.57,480.429,22.5714,0.0456699,368.857,7.57143,0.0157112,0.049834
VD,18,0,0,0,1,1,0,0,0,0,2913,18,5281,278.286,14.1429,0.049834,404.429,3.57143,0.0127367,0.0486379
VD,19,0,0,0,1,1,0,0,0,0,2913,19,5356.43,181.143,9,0.0486379,416.286,0.857143,0.0051737,0.0428511
VD,20,2,1,0,2,1,1,0,0,0,2913,20,5404.86,116,5.28571,0.0428511,421.143,0.285714,0.00252844,0.051518
VD,21,2,1,0,2,1,1,0,0,0,2913,21,5429,66.5714,3.42857,0.051518,422,0,0,0.0463884
VD,22,2,1,0,2,1,1,0,0,0,2913,22,5445.86,37.8571,1.71429,0.0463884,422,0,0,0.0728986
VD,23,3,1,2,2,1,2,0,0,0,2913,23,5459.29,29.7143,2.14286,0.0728986,422,0,0,0.0785488
VD,24,3,1,2,2,1,2,0,0,0,2913,24,5475.71,30.8571,2.42857,0.0785488,422,0,0,0.0925622
VD,25,3,1,2,2,1,2,0,0,1,2913,25,5501,44.5714,4,0.0925622,422.857,0.142857,0.00340136,0.0967473
VD,26,4,2,2,2,1,2,0,0,1,2913,26,5539.57,68.2857,6.42857,0.0967473,424,0.142857,0.00246306,0.111115
VD,27,4,2,2,2,1,2,0,0,1,2913,27,5613.86,120,12.7143,0.111115,424,0,0,0.0749764
VD,28,4,2,2,2,1,2,0,2,1,2913,28,5698.71,164.143,12.1429,0.0749764,424,0,0,0.075602
VD,29,4,2,2,2,1,2,0,2,1,2913,29,5788.71,175.857,13.2857,0.075602,424,0,0,0.0642209
VD,30,4,2,2,2,1,2,0,2,1,2913,30,5866.14,167.143,10.7143,0.0642209,424,0,0,0.110156
VD,31,4,2,2,2,1,2,0,2,1,2913,31,6001,222.857,24.1429,0.110156,424.429,0.142857,0.000602773,0.0592951
VD,32,4,2,2,2,1,2,0,2,1,2913,32,6136.71,275.857,16.2857,0.0592951,425,0,0,0.0884446
VD,33,4,2,2,2,1,2,0,2,1,2913,33,6285.14,286.857,25.2857,0.0884446,426,0.428571,0.0014538,0.109234
VD,34,4,2,2,2,1,2,0,2,1,2913,34,6549.29,448.429,48.1429,0.109234,429.857,0.285714,0.000819984,0.0926334
VD,35,4,2,2,2,1,2,1,2,1,2913,35,6966.29,723.714,65.7143,0.0926334,431.286,0.285714,0.000405909,0.0945425
VD,36,4,2,2,2,1,2,1,2,1,2913,36,7560.29,1061.57,99.2857,0.0945425,433.429,0.285714,0.000285429,0.0902736
VS,11,5,3,3,2,2,3,3,0,0,4129,11,58.7143,79.8571,14.7143,0.197706,0.571429,0.285714,0.00231807,0.160583
VS,12,0,0,0,0,0,0,0,0,0,4129,12,361,418.429,60,0.160583,6.28571,1.28571,0.00306744,0.089468
VS,13,0,0,0,0,0,0,0,0,0,4129,13,866.143,859,74.2857,0.089468,19.4286,2.85714,0.00319777,0.0565166
VS,14,0,0,0,0,0,0,0,0,0,4129,14,1315.29,939.857,54,0.0565166,45.7143,3.71429,0.00395828,0.0478517
VS,15,0,0,0,0,0,0,0,0,0,4129,15,1595.71,682.286,33.8571,0.0478517,76.4286,4.85714,0.00726698,0.0397597
VS,16,0,0,0,0,0,0,0,0,0,4129,16,1740.43,390.571,15.7143,0.0397597,98,2.28571,0.00637566,0.0412105
VS,17,0,0,0,0,0,0,0,0,0,4129,17,1822,208.429,8.85714,0.0412105,121.857,3.42857,0.0164749,0.0558834
VS,18,0,0,0,1,1,0,0,0,0,4129,18,1882.29,132.571,7.85714,0.0558834,137.286,1.57143,0.0120297,0.0322837
VS,19,0,0,0,1,1,0,0,0,0,4129,19,1911.71,83.4286,2.85714,0.0322837,146.286,0.857143,0.00947369,0.0639592
VS,20,2,1,0,2,1,1,0,0,0,4129,20,1927.57,40.7143,2.71429,0.0639592,150,0.285714,0.00539083,0.0224654
VS,21,2,1,0,2,1,1,0,0,0,4129,21,1938.57,25.2857,0.571429,0.0224654,152,0.285714,0.00921659,0.0681552
VS,22,2,1,0,2,1,1,0,0,0,4129,22,1946.14,17.4286,1.28571,0.0681552,152,0,0,0.0834755
VS,23,3,1,2,2,1,2,0,0,0,4129,23,1953.71,16.4286,1.42857,0.0834755,152,0,0,0.101999
VS,24,3,1,2,2,1,2,0,0,0,4129,24,1971.71,26.8571,2.57143,0.101999,152.429,0.142857,0.0047619,0.0890606
VS,25,3,1,2,2,1,2,0,0,1,4129,25,1992,40,3.57143,0.0890606,153,0,0,0.104262
VS,26,4,2,2,2,1,2,0,0,1,4129,26,2029.71,62.2857,6.28571,0.104262,153,0,0,0.0537365
VS,27,4,2,2,2,1,2,0,0,1,4129,27,2064.29,71.7143,3.85714,0.0537365,153,0,0,0.0567513
VS,28,4,2,2,2,1,2,0,1,1,4129,28,2082.86,49.1429,2.71429,0.0567513,153,0,0,0.0516523
VS,29,4,2,2,2,1,2,0,1,1,4129,29,2102.29,36.8571,2,0.0516523,153,0,0,0.05625
VS,30,4,2,2,2,1,2,0,1,1,4129,30,2115.29,31.5714,1.85714,0.05625,153,0,0,0.119133
VS,31,4,2,2,2,1,2,0,1,1,4129,31,2140.14,40.5714,4.71429,0.119133,153,0,0,0.0832354
VS,32,4,2,2,2,1,2,0,1,1,4129,32,2172.71,61.8571,5,0.0832354,153,0,0,0.0934492
VS,33,4,2,2,2,1,2,0,1,1,4129,33,2221.43,84,7.71429,0.0934492,153.429,0.142857,0.00168067,0.0829684
VS,34,4,2,2,2,1,2,1,1,1,4129,34,2277.71,108.571,9,0.0829684,154,0,0,0.0702348
VS,35,4,2,2,2,1,2,1,1,1,4129,35,2350.43,129.286,9.14286,0.0702348,154.571,0.142857,0.00105042,0.07504
VS,36,4,2,2,2,1,2,1,2,1,4129,36,2412.29,135.429,10.2857,0.07504,155,0,0,0.0725315
ZG,11,5,3,3,2,2,3,3,0,0,302,11,11.2857,12.7143,1.42857,0.134965,0,0,0,0.150632
ZG,12,0,0,0,0,0,0,0,0,0,302,12,39,40.4286,5.71429,0.150632,0,0,0,0.0891505
ZG,13,0,0,0,0,0,0,0,0,0,302,13,84,79.7143,6.85714,0.0891505,0.285714,0.142857,0.00162337,0.0708756
ZG,14,0,0,0,0,0,0,0,0,0,302,14,130.286,92.2857,6.42857,0.0708756,1.28571,0.142857,0.0015361,0.0401404
ZG,15,0,0,0,0,0,0,0,0,0,302,15,162.857,73,3.14286,0.0401404,3.42857,0.428571,0.00627593,0.0292836
ZG,16,0,0,0,0,0,0,0,0,0,302,16,172,36.7143,1,0.0292836,5.85714,0.285714,0.0091278,0.0669807
ZG,17,0,0,0,0,0,0,0,0,0,302,17,178.143,14.1429,0.857143,0.0669807,7.85714,0.142857,0.0102041,0.0744297
ZG,18,0,0,0,1,1,0,0,0,0,302,18,187.286,15.2857,1.14286,0.0744297,8,0,0,0.0428571
ZG,19,0,0,0,1,1,0,0,0,0,302,19,191.714,12.5714,0.571429,0.0428571,8,0,0,0.0924603
ZG,20,2,1,0,2,1,1,0,0,0,302,20,196.429,9.28571,0.857143,0.0924603,8,0,0,0.047619
ZG,21,2,1,0,2,1,1,0,0,0,302,21,199.714,8,0.428571,0.047619,8,0,0,0
ZG,22,2,1,0,2,1,1,0,0,0,302,22,202,4.71429,0,0,8.71429,0.142857,0.0285714,0
ZG,23,3,1,2,2,1,2,0,0,0,302,23,202,2,0,0,9,0,0,0.225397
ZG,24,3,1,2,2,1,2,0,0,0,302,24,207.857,7.28571,1.28571,0.225397,9,0,0,0.0457876
ZG,25,3,1,2,2,1,2,0,0,0,302,25,214.571,12.8571,0.571429,0.0457876,9,0,0,0.0796537
ZG,26,4,2,2,2,1,2,0,0,0,302,26,218.857,10.5714,0.857143,0.0796537,9,0,0,0.128922
ZG,27,4,2,2,2,1,2,0,0,0,302,27,229.571,16.7143,2,0.128922,9,0,0,0.084079
ZG,28,4,2,2,2,1,2,0,1,0,302,28,243.571,25.4286,2.14286,0.084079,9,0,0,0.0443224
ZG,29,3,1,1,2,1,2,0,1,0,302,29,256.857,26.7143,1.28571,0.0443224,9,0,0,0.0656658
ZG,30,3,1,1,2,1,2,0,1,0,302,30,268.143,24.4286,1.71429,0.0656658,9,0,0,0.0930507
ZG,31,3,1,1,2,1,2,0,1,0,302,31,281.714,26.2857,2.42857,0.0930507,9,0,0,0.0438421
ZG,32,3,1,1,2,1,2,0,1,0,302,32,296,27.5714,1.28571,0.0438421,9,0,0,0.078818
ZG,33,3,1,1,2,1,2,0,1,0,302,33,308.429,25.5714,2.14286,0.078818,9,0,0,0.0662371
ZG,34,3,1,1,2,1,2,2,1,0,302,34,320.143,25.5714,1.57143,0.0662371,9,0,0,0.0917207
ZG,35,3,1,1,2,1,2,2,1,0,302,35,340.714,32.5714,3,0.0917207,9,0,0,0.0903344
ZG,36,3,1,1,2,1,2,2,1,0,302,36,361.429,42.5714,3.85714,0.0903344,9,0,0,0.0643089
ZH,11,5,3,3,2,2,3,3,0,0,5699,11,140.429,176.143,30,0.176402,0.142857,0.142857,0.00045208,0.151351
ZH,12,0,0,0,0,0,0,0,0,0,5699,12,658.571,735.429,104,0.151351,3.14286,0.714286,0.00088129,0.0783904
ZH,13,0,0,0,0,0,0,0,0,0,5699,13,1450.57,1382.14,106.286,0.0783904,13.2857,2.28571,0.00159812,0.0684105
ZH,14,0,0,0,0,0,0,0,0,0,5699,14,2220.71,1562.86,108.286,0.0684105,38.1429,4.28571,0.00274126,0.0531301
ZH,15,0,0,0,0,0,0,0,0,0,5699,15,2823.86,1319.71,71.8571,0.0531301,66.7143,3.85714,0.00293466,0.0419212
ZH,16,0,0,0,0,0,0,0,0,0,5699,16,3118.71,824.857,33.5714,0.0419212,95.1429,3.71429,0.00449359,0.0510904
ZH,17,0,0,0,0,0,0,0,0,0,5699,17,3315,456.286,22.8571,0.0510904,111.857,1.42857,0.00304483,0.0419739
ZH,18,0,0,0,1,1,0,0,0,0,5699,18,3442.86,301.714,13.2857,0.0419739,121.571,1.14286,0.00337292,0.0481053
ZH,19,0,0,0,1,1,0,0,0,0,5699,19,3509.29,180.286,8.71429,0.0481053,124.857,0.428571,0.00234601,0.0395424
ZH,20,2,1,0,2,1,1,0,0,0,5699,20,3548.43,98.2857,3.85714,0.0395424,126.429,0.142857,0.0015873,0.0426073
ZH,21,2,1,0,2,1,1,0,0,0,5699,21,3570.71,54.4286,2.42857,0.0426073,128.857,0.428571,0.00818554,0.0897741
ZH,22,2,1,0,2,1,1,0,0,0,5699,22,3592.43,44,4,0.0897741,130,0,0,0.067188
ZH,23,3,1,2,2,1,2,0,0,0,5699,23,3616.14,46.5714,3.28571,0.067188,130,0,0,0.05446
ZH,24,3,1,2,2,1,2,0,0,0,5699,24,3632.71,39.7143,2.14286,0.05446,130,0,0,0.110772
ZH,25,3,1,2,2,1,2,0,0,1,5699,25,3668.14,54.1429,6,0.110772,130,0,0,0.10581
ZH,26,4,2,2,2,1,2,0,0,1,5699,26,3719,94.2857,10.2857,0.10581,130,0,0,0.11919
ZH,27,4,2,2,2,1,2,0,0,1,5699,27,3870,224.286,26.4286,0.11919,131,0.142857,0.00104275,0.0623913
ZH,28,3,1,1,2,1,2,0,1,2,5699,28,4023.86,312.857,19.4286,0.0623913,132.429,0.285714,0.000909919,0.0733984
ZH,29,3,1,1,2,1,2,0,1,2,5699,29,4167.14,290.143,21.1429,0.0733984,133.714,0.142857,0.000527149,0.0701295
ZH,30,3,1,1,2,1,2,0,1,2,5699,30,4320.29,299,21,0.0701295,135.429,0.285714,0.00095457,0.0821305
ZH,31,3,1,1,2,1,2,0,1,2,5699,31,4484.14,321.429,26.4286,0.0821305,136,0,0,0.0812505
ZH,32,3,1,1,2,1,2,0,1,2,5699,32,4668.57,359.714,29.2857,0.0812505,137.429,0.285714,0.000833694,0.101626
ZH,33,3,1,1,2,1,2,0,1,2,5699,33,4972.29,515.143,51.5714,0.101626,139,0.142857,0.000318877,0.0835499
ZH,34,3,1,1,2,1,2,1,1,2,5699,34,5371.14,728.286,60.5714,0.0835499,139.429,0.142857,0.00018797,0.0813586
ZH,35,3,1,1,2,1,2,1,2,2,5699,35,5824.29,869.429,71.4286,0.0813586,141.143,0.285714,0.000345716,0.0707328
ZH,36,3,1,1,2,1,2,1,2,2,5699,36,6300.86,940.857,66.7143,0.0707328,142,0,0,0.0731536